{"cameraMode":{"drawMode":0,"name":"Shaded","section":"Shading Mode"},"sceneLighting":false,"audioPlay":false,"sceneViewState":{"showFog":true,"showMaterialUpdate":false,"showSkybox":false,"showFlares":true,"showImageEffects":true,"showParticleSystems":true},"in2DMode":false,"pivot":{"x":8.940696716308594e-8,"y":0.4771069288253784,"z":-0.01921916753053665},"rotation":{"x":-0.13915769755840302,"y":0.45891639590263369,"z":-0.07302917540073395,"w":-0.8744764924049377},"size":0.5636122822761536,"orthographic":false}